{
  "model": "Qwen2.5-VL-3B-Instruct",
  "mAP": 0.12053188723603452,
  "mAP_50": 0.17740476305193464,
  "mAP_75": 0.12712417957824626,
  "mAP_small": 0.02010607521103307,
  "mAP_medium": 0.15787467303176556,
  "mAP_large": 0.2567611296630319,
  "AR@1": 0.19321696782546705,
  "AR@10": 0.2561333608806741,
  "AR@100": 0.2612603344990563,
  "num_images": 5000,
  "num_detections": 182780
}