{
  "model": "Qwen2.5-VL-3B-Instruct",
  "mAP": 0.12294098914655113,
  "mAP_50": 0.18224266607925435,
  "mAP_75": 0.12849994718085797,
  "mAP_small": 0.04032238377134193,
  "mAP_medium": 0.1615031569738202,
  "mAP_large": 0.24978567920537847,
  "AR@1": 0.1926222135672664,
  "AR@10": 0.2543200913366855,
  "AR@100": 0.2610723197084438,
  "num_images": 5000,
  "num_detections": 183135
}