{
  "model": "Qwen2.5-VL-3B-Instruct",
  "mAP": 0.21611221438035622,
  "mAP_50": 0.28574375682601044,
  "mAP_75": 0.23414786061242757,
  "mAP_small": 0.03626935289151814,
  "mAP_medium": 0.27864448842199746,
  "mAP_large": 0.4724401534593078,
  "AR@1": 0.22186342267918294,
  "AR@10": 0.2676702863051365,
  "AR@100": 0.26999486393493055,
  "num_images": 64,
  "num_detections": 2548
}