{
  "model": "Qwen2.5-VL-3B-Instruct",
  "mAP": 0.27307123473484113,
  "mAP_50": 0.358339201946274,
  "mAP_75": 0.28644115518739427,
  "mAP_small": 0.08040545691058269,
  "mAP_medium": 0.2951033423063626,
  "mAP_large": 0.484327487902927,
  "AR@1": 0.26891174134965173,
  "AR@10": 0.3346078748780005,
  "AR@100": 0.33688806328793475,
  "num_images": 100,
  "num_detections": 3462
}