{
  "mAP": 0.36485710820355305,
  "mAP_50": 0.5050879545968255,
  "mAP_75": 0.3831278484366834,
  "mAP_small": 0.14334722224084379,
  "mAP_medium": 0.4492025849029372,
  "mAP_large": 0.5973086812455073,
  "AR@1": 0.29974647725843795,
  "AR@10": 0.4182330845289243,
  "AR@100": 0.4205956247653737,
  "AR_small": 0.16447507280988374,
  "AR_medium": 0.4937511779245295,
  "AR_large": 0.6586707526864825,
  "num_images": 1000,
  "num_detections": 4760,
  "avg_detections_per_image": 4.76
}