{
  "mAP": 0.3007378028443108,
  "mAP_50": 0.46271805911945785,
  "mAP_75": 0.3096953573335978,
  "mAP_small": 0.08041905768443429,
  "mAP_medium": 0.3336969463329114,
  "mAP_large": 0.5726151937107833,
  "AR@1": 0.26517490456717846,
  "AR@10": 0.3523546887472554,
  "AR@100": 0.3538051191867955,
  "AR_small": 0.08801141204930611,
  "AR_medium": 0.38241720062525203,
  "AR_large": 0.6597563225873532,
  "num_images": 5000,
  "num_detections": 22191,
  "avg_detections_per_image": 4.4382
}