{
  "mAP": 0.35403282049722157,
  "mAP_50": 0.5089748846293815,
  "mAP_75": 0.4033468641275327,
  "mAP_small": 0.05044486305267918,
  "mAP_medium": 0.4398438943340237,
  "mAP_large": 0.6909857435429385,
  "AR@1": 0.3016942442192165,
  "AR@10": 0.3688220990995686,
  "AR@100": 0.36892075491409565,
  "AR_small": 0.05228715728715729,
  "AR_medium": 0.4565582230043015,
  "AR_large": 0.6993452380952382,
  "num_images": 64,
  "num_detections": 275,
  "avg_detections_per_image": 4.296875
}