{
  "mAP": 0.30435347822427916,
  "mAP_50": 0.4537183335058244,
  "mAP_75": 0.36264302293198186,
  "mAP_small": 0.0421077556653173,
  "mAP_medium": 0.43938981853753023,
  "mAP_large": 0.6307556018759771,
  "AR@1": 0.26188843021937236,
  "AR@10": 0.3204993013433951,
  "AR@100": 0.3204993013433951,
  "AR_small": 0.04235217673814165,
  "AR_medium": 0.4527087719298246,
  "AR_large": 0.6446115288220552,
  "num_images": 32,
  "num_detections": 154,
  "avg_detections_per_image": 4.8125
}