{
  "mAP": 0.295457959870632,
  "mAP_50": 0.4575616167505599,
  "mAP_75": 0.30416291158730663,
  "mAP_small": 0.06544509906175544,
  "mAP_medium": 0.3282866293044867,
  "mAP_large": 0.5689610782886817,
  "AR@1": 0.2649945838331623,
  "AR@10": 0.35251054468764936,
  "AR@100": 0.35380175897174176,
  "AR_small": 0.08801141204930611,
  "AR_medium": 0.382407038023626,
  "AR_large": 0.6597563225873532,
  "num_images": 5000,
  "num_detections": 22191,
  "avg_detections_per_image": 4.4382
}