{
  "mAP": 0.2566349147020639,
  "mAP_50": 0.4345376097122114,
  "mAP_75": 0.255892178942707,
  "mAP_small": 0.06430365537718122,
  "mAP_medium": 0.27498987147553317,
  "mAP_large": 0.5077531239210605,
  "AR@1": 0.2646851177300423,
  "AR@10": 0.3523106109887914,
  "AR@100": 0.3537967190039623,
  "AR_small": 0.08801141204930611,
  "AR_medium": 0.38240804527584193,
  "AR_large": 0.6597448546974449,
  "num_images": 5000,
  "num_detections": 22191,
  "avg_detections_per_image": 4.4382
}